{
  "k": 3,
  "explained_variance": [
    2.3836195371663464,
    0.3670285068488407,
    0.24935195598481216
  ],
  "explained_variance_ratio": [
    0.7945398457221157,
    0.12234283561628027,
    0.08311731866160407
  ]
}